-- ============================================================
-- 02_sample_data.sql
-- 테스트용 샘플 데이터 (회원, 주문, 리뷰, QnA, 장바구니)
-- Version: v3 (2026.04.23)
-- 
-- ⚠️ 실행 순서: 01_schema.sql → 03_books_data.sql → 02_sample_data.sql
--    (책 데이터가 먼저 있어야 장바구니/주문/리뷰/QnA 가능)
-- ============================================================

-- ============================================================
-- 회원 데이터
-- ============================================================
INSERT INTO Member (MemberID, Password, Name, Address, Email, Birth, Phone, Role, IsAdultVerified) VALUES
('admin01',   'admin1234', '관리자',   '서울시 강남구',     'admin@bookstore.com', '1990-01-01', '010-0000-0000', 'admin', TRUE),
('user01',    'pass1234',  '김현우',   '서울시 마포구',     'hyunwoo@test.com',    '2000-05-15', '010-1111-2222', 'user',  TRUE),
('user02',    'pass1234',  '이영희',   '부산시 해운대구',   'yh@test.com',         '1998-08-20', '010-3333-4444', 'user',  TRUE),
('user03',    'pass1234',  '박민수',   '대구시 수성구',     'minsu@test.com',      '1995-03-10', '010-5555-6666', 'user',  TRUE),
('user04',    'pass1234',  '최지은',   '인천시 연수구',     'jieun@test.com',      '2002-11-25', '010-7777-8888', 'user',  FALSE);


-- ============================================================
-- 장바구니 (BookID는 03_books_data.sql 실행 후 유효함)
-- ============================================================
INSERT INTO Cart (MemberID, BookID, Quantity) VALUES
('user01', 1, 1),
('user01', 5, 2),
('user02', 3, 1),
('user03', 10, 1);


-- ============================================================
-- 주문
-- ============================================================
INSERT INTO Purchase (MemberID, TotalPrice, OrderStatus, HardwareStatus, TrackingNumber) VALUES
('user01', 28000, '배송완료', '출고완료', '260896594781'),
('user02', 45000, '배송중',   '출고완료', '260896594782'),
('user03', 15000, '결제완료', '대기',     NULL);


-- ============================================================
-- 주문 상세 (복합키 사용)
-- ============================================================
INSERT INTO PurchaseItem (OrderID, BookID, Quantity, Price) VALUES
(1, 1, 1, 10000),
(1, 2, 1, 18000),
(2, 3, 3, 15000),
(3, 4, 1, 15000);


-- ============================================================
-- 리뷰
-- ============================================================
INSERT INTO Review (MemberID, BookID, Rating, Content) VALUES
('user01', 1, 5, '정말 재미있게 읽었습니다!'),
('user02', 2, 4, '내용은 좋은데 조금 어려워요.'),
('user03', 3, 5, '강력 추천합니다. 인생책이에요.'),
('user01', 5, 3, '기대했던 것보다는 평범했어요.'),
('user04', 1, 5, '주변에 선물하기 좋은 책!');


-- ============================================================
-- Q&A
-- ============================================================
INSERT INTO QnA (MemberID, BookID, Question, Answer) VALUES
('user01', 2, '배송은 얼마나 걸리나요?', '결제 완료 후 2~3일 내 배송됩니다.'),
('user02', 3, '재고가 있나요?',          '현재 재고 충분히 있습니다.'),
('user03', 5, '개정판인가요?',           '2024년 개정판입니다.'),
('user04', 1, '선물 포장 가능한가요?',   '네, 주문 시 선물 포장 옵션 선택 가능합니다.');


-- ============================================================
-- 확인 쿼리 (필요시 주석 해제)
-- ============================================================
-- SELECT COUNT(*) AS '회원 수' FROM Member;
-- SELECT COUNT(*) AS '주문 수' FROM Purchase;
-- SELECT COUNT(*) AS '리뷰 수' FROM Review;
